,Label,Notation,Parent Notation,Sort Priority
0,AUEV,AUEV,,
1,BOGG,BOGG,,
2,BOGS,BOGS,,
3,BOKG,BOKG,,
4,BOKH,BOKH,,
5,BOKI,BOKI,,
6,BOKJ,BOKJ,,
7,BOKL,BOKL,,
8,BOLA,BOLA,,
9,BOPL,BOPL,,
10,BOPM,BOPM,,
11,BOPN,BOPN,,
12,BOPO,BOPO,,
13,BOPP,BOPP,,
14,BOQI,BOQI,,
15,BOQL,BOQL,,
16,BOQM,BOQM,,
17,BOQN,BOQN,,
18,BOVA,BOVA,,
19,BOVB,BOVB,,
20,BOVC,BOVC,,
21,BOVD,BOVD,,
22,BOVE,BOVE,,
23,BOVF,BOVF,,
24,BOVG,BOVG,,
25,BOVH,BOVH,,
26,BOVI,BOVI,,
27,BOVQ,BOVQ,,
28,BOVS,BOVS,,
29,BOVT,BOVT,,
30,BOVU,BOVU,,
31,BOVV,BOVV,,
32,BOVW,BOVW,,
33,BOVX,BOVX,,
34,BOXA,BOXA,,
35,BOXB,BOXB,,
36,BOXC,BOXC,,
37,BOXD,BOXD,,
38,BOXE,BOXE,,
39,BOXF,BOXF,,
40,BOXG,BOXG,,
41,BOXH,BOXH,,
42,BOXI,BOXI,,
43,BOXQ,BOXQ,,
44,BOXS,BOXS,,
45,BOXT,BOXT,,
46,BOXV,BOXV,,
47,BOXX,BOXX,,
48,BPAL,BPAL,,
49,BPAN,BPAN,,
50,BPAO,BPAO,,
51,BPAP,BPAP,,
52,BPBI,BPBI,,
53,BPBL,BPBL,,
54,BPBM,BPBM,,
55,BPBN,BPBN,,
56,BPBV,BPBV,,
57,BPEJ,BPEJ,,
58,BPFY,BPFY,,
59,BPGC,BPGC,,
60,BPGG,BPGG,,
61,BPGH,BPGH,,
62,BPGI,BPGI,,
63,BPGQ,BPGQ,,
64,BPGT,BPGT,,
65,BPGU,BPGU,,
66,BPGV,BPGV,,
67,BPGW,BPGW,,
68,BPGX,BPGX,,
69,BPIA,BPIA,,
70,BPIB,BPIB,,
71,BPIC,BPIC,,
72,BPID,BPID,,
73,BPIE,BPIE,,
74,BPIF,BPIF,,
75,BPIG,BPIG,,
76,BPIH,BPIH,,
77,BPII,BPII,,
78,BPIQ,BPIQ,,
79,BPIS,BPIS,,
80,BPIT,BPIT,,
81,BPIV,BPIV,,
82,BPIX,BPIX,,
83,BQAN,BQAN,,
84,BQAO,BQAO,,
85,BQAQ,BQAQ,,
86,BQAR,BQAR,,
87,BQAS,BQAS,,
88,BQAT,BQAT,,
89,BQAU,BQAU,,
90,BQAV,BQAV,,
91,BQAW,BQAW,,
92,BQAX,BQAX,,
93,BQAY,BQAY,,
94,BQBB,BQBB,,
95,BQBD,BQBD,,
96,BQBE,BQBE,,
97,BQBG,BQBG,,
98,BQBH,BQBH,,
99,BQDD,BQDD,,
100,BQFT,BQFT,,
101,BQGJ,BQGJ,,
102,BQGK,BQGK,,
103,BQGL,BQGL,,
104,BQGM,BQGM,,
105,BQGN,BQGN,,
106,BQGO,BQGO,,
107,BQGP,BQGP,,
108,BQGQ,BQGQ,,
109,BQGR,BQGR,,
110,BQGT,BQGT,,
111,BQGU,BQGU,,
112,BQGV,BQGV,,
113,BQGX,BQGX,,
114,BQGY,BQGY,,
115,BQGZ,BQGZ,,
116,BQHA,BQHA,,
117,BQHB,BQHB,,
118,BQHC,BQHC,,
119,BQHD,BQHD,,
120,BQHE,BQHE,,
121,BQHN,BQHN,,
122,BQHO,BQHO,,
123,BQHQ,BQHQ,,
124,BQHS,BQHS,,
125,BQKH,BQKH,,
126,BQKO,BQKO,,
127,BQKQ,BQKQ,,
128,BQKW,BQKW,,
129,BQKX,BQKX,,
130,BQMQ,BQMQ,,
131,BQMR,BQMR,,
132,BQMS,BQMS,,
133,BQMT,BQMT,,
134,BQMU,BQMU,,
135,BQMV,BQMV,,
136,BQMW,BQMW,,
137,BQMX,BQMX,,
138,BQMZ,BQMZ,,
139,BQNA,BQNA,,
140,BQNB,BQNB,,
141,BQND,BQND,,
142,BQNE,BQNE,,
143,BQNF,BQNF,,
144,BQNG,BQNG,,
145,BQNH,BQNH,,
146,BQNI,BQNI,,
147,BQNJ,BQNJ,,
148,BQOR,BQOR,,
149,BQOS,BQOS,,
150,BQOT,BQOT,,
151,BQOU,BQOU,,
152,BQOV,BQOV,,
153,BQOW,BQOW,,
154,BQOX,BQOX,,
155,BQOY,BQOY,,
156,BQOZ,BQOZ,,
157,BQPA,BQPA,,
158,BQPB,BQPB,,
159,BQPI,BQPI,,
160,BQPJ,BQPJ,,
161,BQPK,BQPK,,
162,BQPL,BQPL,,
163,BQQA,BQQA,,
164,BQQB,BQQB,,
165,BQQC,BQQC,,
166,BQQD,BQQD,,
167,BQQE,BQQE,,
168,BQQF,BQQF,,
169,BQQG,BQQG,,
170,BQQH,BQQH,,
171,BQQI,BQQI,,
172,BQQJ,BQQJ,,
173,BQQK,BQQK,,
174,BQQL,BQQL,,
175,BQQM,BQQM,,
176,BQQN,BQQN,,
177,BQQO,BQQO,,
178,BQQP,BQQP,,
179,BQQQ,BQQQ,,
180,BQQR,BQQR,,
181,BQQS,BQQS,,
182,BQQT,BQQT,,
183,BQQU,BQQU,,
184,BQQV,BQQV,,
185,BQQW,BQQW,,
186,CHMY,CHMY,,
187,CHMZ,CHMZ,,
188,CHNA,CHNA,,
189,CHNB,CHNB,,
190,CHNC,CHNC,,
191,CHND,CHND,,
192,CHNE,CHNE,,
193,CHNG,CHNG,,
194,CHNI,CHNI,,
195,CHNJ,CHNJ,,
196,CHNM,CHNM,,
197,CHNO,CHNO,,
198,CHNP,CHNP,,
199,CHNR,CHNR,,
200,CHNT,CHNT,,
201,CHNU,CHNU,,
202,CHNV,CHNV,,
203,CHNW,CHNW,,
204,CHNX,CHNX,,
205,CHNZ,CHNZ,,
206,CHOB,CHOB,,
207,CHOC,CHOC,,
208,CHOD,CHOD,,
209,CHOE,CHOE,,
210,CHVG,CHVG,,
211,CHVH,CHVH,,
212,CHVI,CHVI,,
213,CPAV,CPAV,,
214,CPLX,CPLX,,
215,CPLY,CPLY,,
216,CPLZ,CPLZ,,
217,CQER,CQER,,
218,CRAB,CRAB,,
219,CRAH,CRAH,,
220,CSCA,CSCA,,
221,CSCE,CSCE,,
222,CSCF,CSCF,,
223,CSCG,CSCG,,
224,CSCN,CSCN,,
225,CSCP,CSCP,,
226,CSCR,CSCR,,
227,CSCS,CSCS,,
228,CSCV,CSCV,,
229,CSDR,CSDR,,
230,CSDS,CSDS,,
231,CTSL,CTSL,,
232,CTUZ,CTUZ,,
233,CTVA,CTVA,,
234,CTVB,CTVB,,
235,CTVC,CTVC,,
236,CTVD,CTVD,,
237,CTVE,CTVE,,
238,CTVF,CTVF,,
239,CTVG,CTVG,,
240,CTVH,CTVH,,
241,CTVI,CTVI,,
242,CTVJ,CTVJ,,
243,CTVK,CTVK,,
244,CTVL,CTVL,,
245,CTVM,CTVM,,
246,CTVN,CTVN,,
247,CTVO,CTVO,,
248,CTVP,CTVP,,
249,CTVQ,CTVQ,,
250,CTVR,CTVR,,
251,CTVS,CTVS,,
252,CTVT,CTVT,,
253,CTVU,CTVU,,
254,CTVV,CTVV,,
255,CTVW,CTVW,,
256,CTVX,CTVX,,
257,CTVY,CTVY,,
258,CTVZ,CTVZ,,
259,CTWA,CTWA,,
260,CTWB,CTWB,,
261,CTWC,CTWC,,
262,CTWD,CTWD,,
263,CTWE,CTWE,,
264,CTWG,CTWG,,
265,CTWH,CTWH,,
266,CTWJ,CTWJ,,
267,CTWK,CTWK,,
268,CTWN,CTWN,,
269,CTWO,CTWO,,
270,CTWR,CTWR,,
271,CTWS,CTWS,,
272,CTWT,CTWT,,
273,CTWU,CTWU,,
274,CTWX,CTWX,,
275,CTWY,CTWY,,
276,CTXB,CTXB,,
277,CTXC,CTXC,,
278,CTXF,CTXF,,
279,CTXG,CTXG,,
280,CTXH,CTXH,,
281,CTXI,CTXI,,
282,CTXL,CTXL,,
283,CTXM,CTXM,,
284,CTXO,CTXO,,
285,CTXP,CTXP,,
286,CTXS,CTXS,,
287,CTXT,CTXT,,
288,CTXU,CTXU,,
289,CTXV,CTXV,,
290,CTXW,CTXW,,
291,CTXX,CTXX,,
292,CTXY,CTXY,,
293,CTXZ,CTXZ,,
294,CTYA,CTYA,,
295,CTYB,CTYB,,
296,CTYD,CTYD,,
297,CTYE,CTYE,,
298,CTYG,CTYG,,
299,CTYH,CTYH,,
300,CTYI,CTYI,,
301,CTYJ,CTYJ,,
302,CTYK,CTYK,,
303,CTYL,CTYL,,
304,CTYM,CTYM,,
305,CTYN,CTYN,,
306,CTYO,CTYO,,
307,CTYP,CTYP,,
308,CTYS,CTYS,,
309,CTYT,CTYT,,
310,CTYW,CTYW,,
311,CTYX,CTYX,,
312,CTZA,CTZA,,
313,CTZB,CTZB,,
314,CTZD,CTZD,,
315,CTZE,CTZE,,
316,E2XQ,E2XQ,,
317,E4ZN,E4ZN,,
318,E5GB,E5GB,,
319,EDHK,EDHK,,
320,EDHL,EDHL,,
321,EDHM,EDHM,,
322,EDHN,EDHN,,
323,EDHO,EDHO,,
324,EDHP,EDHP,,
325,EDHS,EDHS,,
326,EDHT,EDHT,,
327,EDHW,EDHW,,
328,EDHX,EDHX,,
329,EDHY,EDHY,,
330,EDHZ,EDHZ,,
331,EDIA,EDIA,,
332,EDIB,EDIB,,
333,EGAT,EGAT,,
334,EHAA,EHAA,,
335,EHAB,EHAB,,
336,EHAC,EHAC,,
337,EHAE,EHAE,,
338,EHAF,EHAF,,
339,EHAG,EHAG,,
340,EHAH,EHAH,,
341,EHAI,EHAI,,
342,EHAJ,EHAJ,,
343,EHAK,EHAK,,
344,EHAL,EHAL,,
345,EHAM,EHAM,,
346,EHAN,EHAN,,
347,EHAO,EHAO,,
348,EHAP,EHAP,,
349,EHAQ,EHAQ,,
350,EHAR,EHAR,,
351,EHAS,EHAS,,
352,EHAT,EHAT,,
353,EHAU,EHAU,,
354,EHAV,EHAV,,
355,EHAW,EHAW,,
356,EHAX,EHAX,,
357,EHAY,EHAY,,
358,EHAZ,EHAZ,,
359,EHBA,EHBA,,
360,EHBB,EHBB,,
361,EHBC,EHBC,,
362,EHBD,EHBD,,
363,EHBE,EHBE,,
364,EHBF,EHBF,,
365,EHBG,EHBG,,
366,EHBH,EHBH,,
367,EHBI,EHBI,,
368,EHBJ,EHBJ,,
369,EHBK,EHBK,,
370,EHBL,EHBL,,
371,EHBM,EHBM,,
372,EHBN,EHBN,,
373,EHBO,EHBO,,
374,EHBP,EHBP,,
375,EHBQ,EHBQ,,
376,EHBR,EHBR,,
377,EHBS,EHBS,,
378,EHBT,EHBT,,
379,EHBU,EHBU,,
380,EHBV,EHBV,,
381,EHBW,EHBW,,
382,EHBX,EHBX,,
383,EHBY,EHBY,,
384,EHBZ,EHBZ,,
385,EHCA,EHCA,,
386,EHCB,EHCB,,
387,EHCC,EHCC,,
388,EHCD,EHCD,,
389,EHCE,EHCE,,
390,ELBD,ELBD,,
391,ELBE,ELBE,,
392,ELBF,ELBF,,
393,ELBG,ELBG,,
394,ELBH,ELBH,,
395,ELBI,ELBI,,
396,ELBJ,ELBJ,,
397,ELBL,ELBL,,
398,ELBM,ELBM,,
399,EMAI,EMAI,,
400,ENDG,ENDG,,
401,ENDH,ENDH,,
402,ENDJ,ENDJ,,
403,ENDK,ENDK,,
404,ENDL,ENDL,,
405,ENDM,ENDM,,
406,ENDN,ENDN,,
407,ENDW,ENDW,,
408,ENDX,ENDX,,
409,ENDY,ENDY,,
410,ENDZ,ENDZ,,
411,ENEG,ENEG,,
412,ENEH,ENEH,,
413,ENEI,ENEI,,
414,ENEJ,ENEJ,,
415,ENFC,ENFC,,
416,ENFD,ENFD,,
417,ENFE,ENFE,,
418,ENFF,ENFF,,
419,ENFG,ENFG,,
420,ENFH,ENFH,,
421,ENFI,ENFI,,
422,ENFJ,ENFJ,,
423,ENGA,ENGA,,
424,ENGB,ENGB,,
425,ENGD,ENGD,,
426,ENGE,ENGE,,
427,ENGF,ENGF,,
428,ENGG,ENGG,,
429,ENGH,ENGH,,
430,ENGQ,ENGQ,,
431,ENGR,ENGR,,
432,ENGS,ENGS,,
433,ENGT,ENGT,,
434,ENGU,ENGU,,
435,ENGV,ENGV,,
436,ENGW,ENGW,,
437,ENGX,ENGX,,
438,ENHW,ENHW,,
439,ENHX,ENHX,,
440,ENHY,ENHY,,
441,ENHZ,ENHZ,,
442,ENIA,ENIA,,
443,ENIB,ENIB,,
444,ENIC,ENIC,,
445,ENID,ENID,,
446,ENIW,ENIW,,
447,ENIX,ENIX,,
448,ENIY,ENIY,,
449,ENJA,ENJA,,
450,ENJB,ENJB,,
451,ENJC,ENJC,,
452,ENJD,ENJD,,
453,ENJE,ENJE,,
454,ENVB,ENVB,,
455,ENVC,ENVC,,
456,ENXO,ENXO,,
457,ENXP,ENXP,,
458,ENXQ,ENXQ,,
459,EOBA,EOBA,,
460,EOBU,EOBU,,
461,EOCO,EOCO,,
462,EPJX,EPJX,,
463,EPJY,EPJY,,
464,EPJZ,EPJZ,,
465,EPLV,EPLV,,
466,EPLW,EPLW,,
467,EPLX,EPLX,,
468,EPMA,EPMA,,
469,EPMB,EPMB,,
470,EPME,EPME,,
471,EPMV,EPMV,,
472,EPMW,EPMW,,
473,EPMX,EPMX,,
474,EPNA,EPNA,,
475,EPNB,EPNB,,
476,EPNE,EPNE,,
477,EPNV,EPNV,,
478,EPNW,EPNW,,
479,EPNX,EPNX,,
480,EPOA,EPOA,,
481,EPOB,EPOB,,
482,EPOE,EPOE,,
483,EQAH,EQAH,,
484,EQAP,EQAP,,
485,ERDG,ERDG,,
486,ERDH,ERDH,,
487,ERDI,ERDI,,
488,ERDJ,ERDJ,,
489,ERDK,ERDK,,
490,ERDL,ERDL,,
491,ERDM,ERDM,,
492,ERDO,ERDO,,
493,ERDP,ERDP,,
494,ERDQ,ERDQ,,
495,ERDR,ERDR,,
496,ERDS,ERDS,,
497,ERDT,ERDT,,
498,ERDU,ERDU,,
499,ERDV,ERDV,,
500,ERDW,ERDW,,
501,ERDX,ERDX,,
502,ERDY,ERDY,,
503,EREA,EREA,,
504,EREB,EREB,,
505,EREC,EREC,,
506,ERED,ERED,,
507,EREE,EREE,,
508,EREF,EREF,,
509,EREG,EREG,,
510,EREH,EREH,,
511,EREI,EREI,,
512,EREJ,EREJ,,
513,EREK,EREK,,
514,EREM,EREM,,
515,EREN,EREN,,
516,EREO,EREO,,
517,EREP,EREP,,
518,FKML,FKML,,
519,FKMM,FKMM,,
520,FKMN,FKMN,,
521,FKMO,FKMO,,
522,FKMP,FKMP,,
523,FKMQ,FKMQ,,
524,FKMR,FKMR,,
525,FKMS,FKMS,,
526,FKMT,FKMT,,
527,FKMU,FKMU,,
528,FKMV,FKMV,,
529,FKMW,FKMW,,
530,FKMX,FKMX,,
531,FKMY,FKMY,,
532,FKMZ,FKMZ,,
533,FSA2,FSA2,,
534,FSA3,FSA3,,
535,FSA4,FSA4,,
536,FSB3,FSB3,,
537,FSB4,FSB4,,
538,FSB5,FSB5,,
539,FSIC,FSIC,,
540,FSID,FSID,,
541,FSIE,FSIE,,
542,FSIF,FSIF,,
543,FSIG,FSIG,,
544,FSIH,FSIH,,
545,FSII,FSII,,
546,FSIJ,FSIJ,,
547,FSIK,FSIK,,
548,FSJ4,FSJ4,,
549,FSJ6,FSJ6,,
550,FSJ7,FSJ7,,
551,FSJ8,FSJ8,,
552,FSJ9,FSJ9,,
553,FSK2,FSK2,,
554,IKBB,IKBB,,
555,IKBC,IKBC,,
556,IKBD,IKBD,,
557,IKBE,IKBE,,
558,IKBF,IKBF,,
559,IKBG,IKBG,,
560,IKBH,IKBH,,
561,IKBI,IKBI,,
562,IKBJ,IKBJ,,
563,IKBK,IKBK,,
564,IKBL,IKBL,,
565,IKBM,IKBM,,
566,J8YG,J8YG,,
567,J8YH,J8YH,,
568,J8YI,J8YI,,
569,J9C4,J9C4,,
570,J9C5,J9C5,,
571,J9C6,J9C6,,
572,JYVJ,JYVJ,,
573,JYVW,JYVW,,
574,JYWJ,JYWJ,,
575,JYYZ,JYYZ,,
576,JYZM,JYZM,,
577,JYZZ,JYZZ,,
578,JZBM,JZBM,,
579,JZEC,JZEC,,
580,JZEP,JZEP,,
581,JZFC,JZFC,,
582,JZFP,JZFP,,
583,JZIF,JZIF,,
584,JZIY,JZIY,,
585,JZKA,JZKA,,
586,JZMR,JZMR,,
587,JZNE,JZNE,,
588,JZNR,JZNR,,
589,JZOE,JZOE,,
590,JZOR,JZOR,,
591,JZPE,JZPE,,
592,JZPR,JZPR,,
593,JZQE,JZQE,,
594,JZQR,JZQR,,
595,JZRE,JZRE,,
596,JZRR,JZRR,,
597,JZSE,JZSE,,
598,JZSR,JZSR,,
599,JZTE,JZTE,,
600,JZTR,JZTR,,
601,JZUE,JZUE,,
602,JZUR,JZUR,,
603,JZVE,JZVE,,
604,JZVR,JZVR,,
605,JZWE,JZWE,,
606,JZWR,JZWR,,
607,JZXE,JZXE,,
608,JZXS,JZXS,,
609,JZYF,JZYF,,
610,JZYS,JZYS,,
611,L87K,L87K,,
612,L87M,L87M,,
613,L87O,L87O,,
614,L87Q,L87Q,,
615,L87S,L87S,,
616,L87U,L87U,,
617,LGBW,LGBW,,
618,LGCN,LGCN,,
619,LGDF,LGDF,,
620,LGEB,LGEB,,
621,LGEU,LGEU,,
622,LGFM,LGFM,,
623,LGFZ,LGFZ,,
624,LGGM,LGGM,,
625,LGGZ,LGGZ,,
626,LGHM,LGHM,,
627,LJDN,LJDN,,
628,LJVG,LJVG,,
629,LKBY,LKBY,,
630,LKTY,LKTY,,
631,LKUA,LKUA,,
632,LKUC,LKUC,,
633,LKUF,LKUF,,
634,LKUS,LKUS,,
635,LKUU,LKUU,,
636,LKUX,LKUX,,
637,LKVL,LKVL,,
638,LKVN,LKVN,,
639,LKVQ,LKVQ,,
640,LKVT,LKVT,,
641,LKWG,LKWG,,
642,LKWJ,LKWJ,,
643,LKWM,LKWM,,
644,LKYH,LKYH,,
645,LMKQ,LMKQ,,
646,LNJR,LNJR,,
647,LNOO,LNOO,,
648,LNPB,LNPB,,
649,LOBA,LOBA,,
650,LOBN,LOBN,,
651,LOBY,LOBY,,
652,LQAD,LQAD,,
653,LQBL,LQBL,,
654,LQCT,LQCT,,
655,MBBK,MBBK,,
656,MBBX,MBBX,,
657,MBCK,MBCK,,
658,MBCX,MBCX,,
659,MBDM,MBDM,,
660,MBDZ,MBDZ,,
661,MBGV,MBGV,,
662,MBHI,MBHI,,
663,N3C4,N3C4,,
664,N3C5,N3C5,,
665,N3C6,N3C6,,
666,OCCP,OCCP,,
667,OCCY,OCCY,,
668,ODUM,ODUM,,
669,ODUS,ODUS,,
670,OEAF,OEAF,,
671,OEAL,OEAL,,
672,OEAY,OEAY,,
673,OEBB,OEBB,,
674,OEBC,OEBC,,
675,OEBD,OEBD,,
676,OEDZ,OEDZ,,
677,OEEV,OEEV,,
678,OEEW,OEEW,,
679,OEEX,OEEX,,
680,OEPN,OEPN,,
681,OEPO,OEPO,,
682,OEPP,OEPP,,
683,OEPQ,OEPQ,,
684,OEPR,OEPR,,
685,OEPS,OEPS,,
686,OEQA,OEQA,,
687,OEQV,OEQV,,
688,OFNN,OFNN,,
689,OGLF,OGLF,,
690,OGRL,OGRL,,
691,OGRM,OGRM,,
692,OGRN,OGRN,,
693,OGRO,OGRO,,
694,OGRP,OGRP,,
695,OGRQ,OGRQ,,
696,OGSC,OGSC,,
697,OGSD,OGSD,,
698,OGSE,OGSE,,
699,OGSF,OGSF,,
700,OGSG,OGSG,,
701,OGSH,OGSH,,
702,OGSI,OGSI,,
703,OGSJ,OGSJ,,
704,OGSK,OGSK,,
705,OGSL,OGSL,,
706,OGSM,OGSM,,
707,OGSN,OGSN,,
708,OGSO,OGSO,,
709,OGSP,OGSP,,
710,OGSQ,OGSQ,,
711,OGSR,OGSR,,
712,OGSS,OGSS,,
713,OGST,OGST,,
714,OGSU,OGSU,,
715,OGSV,OGSV,,
716,OGSW,OGSW,,
717,OGSX,OGSX,,
718,OGSY,OGSY,,
719,OGSZ,OGSZ,,
720,OGTA,OGTA,,
721,OGTB,OGTB,,
722,OGTC,OGTC,,
723,OGTD,OGTD,,
724,OGTE,OGTE,,
725,OGTF,OGTF,,
726,OGTG,OGTG,,
727,OGTH,OGTH,,
728,OGTI,OGTI,,
729,OGTJ,OGTJ,,
730,OGTK,OGTK,,
731,OGTL,OGTL,,
732,OGTM,OGTM,,
733,OGTN,OGTN,,
734,OGTO,OGTO,,
735,OKPU,OKPU,,
736,OKPV,OKPV,,
737,OKPW,OKPW,,
738,OKPX,OKPX,,
739,OKPY,OKPY,,
740,OKPZ,OKPZ,,
741,OKQA,OKQA,,
742,OKQB,OKQB,,
743,OKQC,OKQC,,
744,OKQD,OKQD,,
745,OKQE,OKQE,,
746,OKQF,OKQF,,
747,OKQG,OKQG,,
748,OKQH,OKQH,,
749,OKQJ,OKQJ,,
750,OKQL,OKQL,,
751,OKQM,OKQM,,
752,OKQN,OKQN,,
753,OKQO,OKQO,,
754,OKQP,OKQP,,
755,OKQQ,OKQQ,,
756,OKQT,OKQT,,
757,OKQU,OKQU,,
758,OKQV,OKQV,,
759,OKQW,OKQW,,
760,OKQX,OKQX,,
761,OKQY,OKQY,,
762,OKQZ,OKQZ,,
763,OKRA,OKRA,,
764,OKRB,OKRB,,
765,OKRC,OKRC,,
766,OKRD,OKRD,,
767,OKRE,OKRE,,
768,OKRF,OKRF,,
769,OKRG,OKRG,,
770,OKRH,OKRH,,
771,OKRI,OKRI,,
772,OKRJ,OKRJ,,
773,OKRK,OKRK,,
774,OKRL,OKRL,,
775,OKRM,OKRM,,
776,OKRN,OKRN,,
777,OKRO,OKRO,,
778,OKRP,OKRP,,
779,OKRQ,OKRQ,,
780,OKRR,OKRR,,
781,OKRS,OKRS,,
782,OKRT,OKRT,,
783,OKRV,OKRV,,
784,OKRX,OKRX,,
785,OKRY,OKRY,,
786,OKRZ,OKRZ,,
787,OKSA,OKSA,,
788,OKSB,OKSB,,
789,OKSC,OKSC,,
790,OKSF,OKSF,,
791,OKSG,OKSG,,
792,OKSH,OKSH,,
793,OKSI,OKSI,,
794,OKSJ,OKSJ,,
795,OKSK,OKSK,,
796,OKSL,OKSL,,
797,OKSM,OKSM,,
798,OKSN,OKSN,,
799,OKSO,OKSO,,
800,OKSP,OKSP,,
801,OKSR,OKSR,,
802,OKSS,OKSS,,
803,OMSE,OMSE,,
804,OMSF,OMSF,,
805,OMSG,OMSG,,
806,OMSH,OMSH,,
807,OMUB,OMUB,,
808,QALC,QALC,,
809,QALD,QALD,,
810,QALE,QALE,,
811,QALL,QALL,,
812,QALM,QALM,,
813,QALN,QALN,,
814,QALU,QALU,,
815,QALV,QALV,,
816,QALW,QALW,,
817,QALX,QALX,,
818,QALY,QALY,,
819,QALZ,QALZ,,
820,QATB,QATB,,
821,QATC,QATC,,
822,QATD,QATD,,
823,SDAU,SDAU,,
824,SDBI,SDBI,,
825,SDBV,SDBV,,
826,SDCI,SDCI,,
827,SDCR,SDCR,,
828,SDCT,SDCT,,
829,SDCV,SDCV,,
830,SDCY,SDCY,,
831,SDDL,SDDL,,
832,SDDO,SDDO,,
833,SDDR,SDDR,,
834,SDED,SDED,,
835,SDEF,SDEF,,
836,SDEH,SDEH,,
837,SDEK,SDEK,,
838,SDEX,SDEX,,
839,SDEZ,SDEZ,,
840,SDFC,SDFC,,
841,SDFP,SDFP,,
842,SDFR,SDFR,,
843,SDFT,SDFT,,
844,SDFW,SDFW,,
845,SDJX,SDJX,,
846,SDJZ,SDJZ,,
847,SDKC,SDKC,,
848,SDKP,SDKP,,
849,SDKY,SDKY,,
850,SDLA,SDLA,,
851,SDLE,SDLE,,
852,SDLR,SDLR,,
853,SDLT,SDLT,,
854,SDLW,SDLW,,
855,SDMV,SDMV,,
856,SDNI,SDNI,,
857,SDNM,SDNM,,
858,SDOY,SDOY,,
859,SDPC,SDPC,,
860,SDPW,SDPW,,
861,SDQL,SDQL,,
862,SDQP,SDQP,,
863,SDSA,SDSA,,
864,SDSE,SDSE,,
865,SDTB,SDTB,,
866,SDTO,SDTO,,
867,SDTS,SDTS,,
868,SDVA,SDVA,,
869,SDVE,SDVE,,
870,SDVX,SDVX,,
871,SDWK,SDWK,,
872,SDWO,SDWO,,
873,SDXV,SDXV,,
874,SDXZ,SDXZ,,
875,SDYZ,SDYZ,,
876,SDZE,SDZE,,
877,SDZI,SDZI,,
878,SEAN,SEAN,,
879,SEAS,SEAS,,
880,SEAW,SEAW,,
881,SEBY,SEBY,,
882,SECD,SECD,,
883,SECH,SECH,,
884,SEDN,SEDN,,
885,SEDS,SEDS,,
886,SEDW,SEDW,,
887,SEEZ,SEEZ,,
888,SEFC,SEFC,,
889,SEFG,SEFG,,
890,SEGK,SEGK,,
891,SEGN,SEGN,,
892,SEGR,SEGR,,
893,SEHR,SEHR,,
894,SEHU,SEHU,,
895,SEHY,SEHY,,
896,SEJD,SEJD,,
897,SEJG,SEJG,,
898,SEJK,SEJK,,
899,SEKO,SEKO,,
900,SEKR,SEKR,,
901,SEKV,SEKV,,
902,SELZ,SELZ,,
903,SEMC,SEMC,,
904,SEMG,SEMG,,
905,SENG,SENG,,
906,SENJ,SENJ,,
907,SENN,SENN,,
908,SEOR,SEOR,,
909,SEOU,SEOU,,
910,SEOY,SEOY,,
911,SESM,SESM,,
912,SESO,SESO,,
913,SESQ,SESQ,,
914,SEST,SEST,,
915,SETG,SETG,,
916,SETI,SETI,,
917,SETL,SETL,,
918,SETY,SETY,,
919,SEUA,SEUA,,
920,SEUC,SEUC,,
921,SEUF,SEUF,,
922,SEUS,SEUS,,
923,SEUU,SEUU,,
924,SEUX,SEUX,,
925,SEWA,SEWA,,
926,SEXL,SEXL,,
927,SEYS,SEYS,,
928,SFAD,SFAD,,
929,SFBD,SFBD,,
930,SFBK,SFBK,,
931,SFCO,SFCO,,
932,SFCV,SFCV,,
933,SFDW,SFDW,,
934,SFED,SFED,,
935,SFFH,SFFH,,
936,SFFO,SFFO,,
937,SFJD,SFJD,,
938,SFJF,SFJF,,
939,SFJH,SFJH,,
940,SFJK,SFJK,,
941,SFJY,SFJY,,
942,SFKA,SFKA,,
943,SFKD,SFKD,,
944,SFKU,SFKU,,
945,SFKW,SFKW,,
946,SFKY,SFKY,,
947,SFLC,SFLC,,
948,SFLP,SFLP,,
949,SFLR,SFLR,,
950,SFLU,SFLU,,
951,SFMU,SFMU,,
952,SFNB,SFNB,,
953,SFOO,SFOO,,
954,SFOV,SFOV,,
955,SFPV,SFPV,,
956,SFQC,SFQC,,
957,SFRG,SFRG,,
958,SFRN,SFRN,,
959,SFSN,SFSN,,
960,SFSU,SFSU,,
961,SFTY,SFTY,,
962,SFUF,SFUF,,
963,SFVF,SFVF,,
964,SFVM,SFVM,,
965,SFWQ,SFWQ,,
966,SFWX,SFWX,,
967,SFXX,SFXX,,
968,SFYE,SFYE,,
969,SFZI,SFZI,,
970,SFZP,SFZP,,
971,SGAP,SGAP,,
972,SGAW,SGAW,,
973,SGCB,SGCB,,
974,SGCK,SGCK,,
975,SGDL,SGDL,,
976,SGDS,SGDS,,
977,SGDX,SGDX,,
978,SGFB,SGFB,,
979,SGFE,SGFE,,
980,SGFI,SGFI,,
981,SGFZ,SGFZ,,
982,SGGJ,SGGJ,,
983,SGGM,SGGM,,
984,SGGQ,SGGQ,,
985,SGHU,SGHU,,
986,SGHX,SGHX,,
987,SGIB,SGIB,,
988,SGLP,SGLP,,
989,SGLR,SGLR,,
990,SGLT,SGLT,,
991,SGLW,SGLW,,
992,SGMJ,SGMJ,,
993,SGML,SGML,,
994,SGMO,SGMO,,
995,SGNB,SGNB,,
996,SGND,SGND,,
997,SGNF,SGNF,,
998,SGNI,SGNI,,
999,SGNV,SGNV,,
1000,SGNX,SGNX,,
1001,SGOA,SGOA,,
1002,SGOO,SGOO,,
1003,SGOY,SGOY,,
1004,SGPB,SGPB,,
1005,SGPF,SGPF,,
1006,SGQJ,SGQJ,,
1007,SGQM,SGQM,,
1008,SGQQ,SGQQ,,
1009,SGRK,SGRK,,
1010,SGRU,SGRU,,
1011,SGRX,SGRX,,
1012,SGSB,SGSB,,
1013,SGTG,SGTG,,
1014,SGTK,SGTK,,
1015,SGTO,SGTO,,
1016,SGUS,SGUS,,
1017,SGVA,SGVA,,
1018,SGWH,SGWH,,
1019,SGWO,SGWO,,
1020,SGYA,SGYA,,
1021,SGYH,SGYH,,
1022,SGZQ,SGZQ,,
1023,SGZX,SGZX,,
1024,SHBF,SHBF,,
1025,SHBH,SHBH,,
1026,SHBJ,SHBJ,,
1027,SHBM,SHBM,,
1028,SHCA,SHCA,,
1029,SHCC,SHCC,,
1030,SHCH,SHCH,,
1031,SHCV,SHCV,,
1032,SHCY,SHCY,,
1033,SHDA,SHDA,,
1034,SHDD,SHDD,,
1035,SHDS,SHDS,,
1036,SHDU,SHDU,,
1037,SHDX,SHDX,,
1038,SHEM,SHEM,,
1039,SHEP,SHEP,,
1040,SHEZ,SHEZ,,
1041,SHFC,SHFC,,
1042,SHFM,SHFM,,
1043,SHFP,SHFP,,
1044,SHFZ,SHFZ,,
1045,SHGC,SHGC,,
1046,SHGM,SHGM,,
1047,SHGP,SHGP,,
1048,SHGZ,SHGZ,,
1049,SHHC,SHHC,,
1050,SHHM,SHHM,,
1051,SHHP,SHHP,,
1052,SHHZ,SHHZ,,
1053,SHIC,SHIC,,
1054,SHIN,SHIN,,
1055,SHIQ,SHIQ,,
1056,SHJB,SHJB,,
1057,SHJE,SHJE,,
1058,SHJO,SHJO,,
1059,SHJR,SHJR,,
1060,SHKB,SHKB,,
1061,SHKE,SHKE,,
1062,SHKQ,SHKQ,,
1063,SHKT,SHKT,,
1064,SHLD,SHLD,,
1065,SHLG,SHLG,,
1066,SHLQ,SHLQ,,
1067,SHLT,SHLT,,
1068,SHMD,SHMD,,
1069,SHMG,SHMG,,
1070,SHMT,SHMT,,
1071,SHNG,SHNG,,
1072,SHNT,SHNT,,
1073,SHOG,SHOG,,
1074,SHOT,SHOT,,
1075,SHPG,SHPG,,
1076,SHPU,SHPU,,
1077,SHQH,SHQH,,
1078,SHRQ,SHRQ,,
1079,SHSE,SHSE,,
1080,SHSR,SHSR,,
1081,SHTJ,SHTJ,,
1082,SHTV,SHTV,,
1083,SHTY,SHTY,,
1084,SHUW,SHUW,,
1085,SHVD,SHVD,,
1086,SHVS,SHVS,,
1087,SHVV,SHVV,,
1088,SHWF,SHWF,,
1089,SHWI,SHWI,,
1090,SHWY,SHWY,,
1091,SHXL,SHXL,,
1092,SHYC,SHYC,,
1093,SHYS,SHYS,,
1094,SHZF,SHZF,,
1095,SHZZ,SHZZ,,
1096,SIAM,SIAM,,
1097,SIAZ,SIAZ,,
1098,SIBM,SIBM,,
1099,SIBZ,SIBZ,,
1100,SICM,SICM,,
1101,SICZ,SICZ,,
1102,SIFU,SIFU,,
1103,SIFX,SIFX,,
1104,SIGH,SIGH,,
1105,SIGK,SIGK,,
1106,SIGU,SIGU,,
1107,SIGX,SIGX,,
1108,SIHH,SIHH,,
1109,SIHK,SIHK,,
1110,SIHU,SIHU,,
1111,SIHW,SIHW,,
1112,SIHY,SIHY,,
1113,SIIB,SIIB,,
1114,SIIO,SIIO,,
1115,SIIQ,SIIQ,,
1116,SIIT,SIIT,,
1117,SIJG,SIJG,,
1118,SIJI,SIJI,,
1119,SIJK,SIJK,,
1120,SIJN,SIJN,,
1121,SIKA,SIKA,,
1122,SIKC,SIKC,,
1123,SIKF,SIKF,,
1124,SIKS,SIKS,,
1125,SIKV,SIKV,,
1126,SILF,SILF,,
1127,SILI,SILI,,
1128,SILS,SILS,,
1129,SILV,SILV,,
1130,SIMF,SIMF,,
1131,SIMI,SIMI,,
1132,SIMX,SIMX,,
1133,SINK,SINK,,
1134,SINY,SINY,,
1135,SIOL,SIOL,,
1136,SIOY,SIOY,,
1137,SIPL,SIPL,,
1138,SIPY,SIPY,,
1139,SIQL,SIQL,,
1140,SIQV,SIQV,,
1141,SIQY,SIQY,,
1142,SIRI,SIRI,,
1143,SIRL,SIRL,,
1144,SIRV,SIRV,,
1145,SIRY,SIRY,,
1146,SISI,SISI,,
1147,SISL,SISL,,
1148,SISY,SISY,,
1149,SITL,SITL,,
1150,SITY,SITY,,
1151,SIUL,SIUL,,
1152,SIVG,SIVG,,
1153,SIVT,SIVT,,
1154,SIWG,SIWG,,
1155,SIWT,SIWT,,
1156,SIXG,SIXG,,
1157,SIXT,SIXT,,
1158,SIYG,SIYG,,
1159,SIYT,SIYT,,
1160,SIZE,SIZE,,
1161,SIZJ,SIZJ,,
1162,SIZW,SIZW,,
1163,SJAB,SJAB,,
1164,SJAP,SJAP,,
1165,SJAV,SJAV,,
1166,SJBI,SJBI,,
1167,SJBN,SJBN,,
1168,SJCI,SJCI,,
1169,SJCV,SJCV,,
1170,SJDK,SJDK,,
1171,SJDY,SJDY,,
1172,SJEL,SJEL,,
1173,SJEZ,SJEZ,,
1174,SJFN,SJFN,,
1175,SJGA,SJGA,,
1176,SJGO,SJGO,,
1177,SJHB,SJHB,,
1178,SJIA,SJIA,,
1179,SJIO,SJIO,,
1180,SJJB,SJJB,,
1181,SJJO,SJJO,,
1182,SJKC,SJKC,,
1183,SJKP,SJKP,,
1184,SJLC,SJLC,,
1185,SJLP,SJLP,,
1186,SJMC,SJMC,,
1187,SJMP,SJMP,,
1188,SJNC,SJNC,,
1189,SJNP,SJNP,,
1190,SJOC,SJOC,,
1191,SJOP,SJOP,,
1192,SJPE,SJPE,,
1193,SJPR,SJPR,,
1194,SJQE,SJQE,,
1195,SJQR,SJQR,,
1196,SJRE,SJRE,,
1197,SJRR,SJRR,,
1198,SJSE,SJSE,,
1199,SJSR,SJSR,,
1200,SJTE,SJTE,,
1201,SJTR,SJTR,,
1202,SJUE,SJUE,,
1203,SJUR,SJUR,,
1204,SJVF,SJVF,,
1205,SJVS,SJVS,,
1206,SJWP,SJWP,,
1207,SJXD,SJXD,,
1208,SJXQ,SJXQ,,
1209,SJYK,SJYK,,
1210,SJYX,SJYX,,
1211,SJZO,SJZO,,
1212,SKAE,SKAE,,
1213,SKAR,SKAR,,
1214,SKBH,SKBH,,
1215,SKBU,SKBU,,
1216,SKNT,SKNT,,
1217,SKOG,SKOG,,
1218,SKOT,SKOT,,
1219,SKPG,SKPG,,
1220,SKPT,SKPT,,
1221,SKQG,SKQG,,
1222,SKQT,SKQT,,
1223,SKRG,SKRG,,
1224,SKRT,SKRT,,
1225,SKSG,SKSG,,
1226,SKST,SKST,,
1227,SKTG,SKTG,,
1228,SKTY,SKTY,,
1229,SKUB,SKUB,,
1230,SKUF,SKUF,,
1231,SKVJ,SKVJ,,
1232,SKVM,SKVM,,
1233,SKVQ,SKVQ,,
1234,SKWQ,SKWQ,,
1235,SKWT,SKWT,,
1236,SKWX,SKWX,,
1237,SKYG,SKYG,,
1238,SKYJ,SKYJ,,
1239,SKYN,SKYN,,
1240,SKZI,SKZI,,
1241,SKZV,SKZV,,
1242,SLAI,SLAI,,
1243,SLAV,SLAV,,
1244,SLBF,SLBF,,
1245,SLBI,SLBI,,
1246,SLBS,SLBS,,
1247,SLBV,SLBV,,
1248,SLCF,SLCF,,
1249,SLCI,SLCI,,
1250,SLCS,SLCS,,
1251,SLCV,SLCV,,
1252,SLDI,SLDI,,
1253,SLDV,SLDV,,
1254,SLEI,SLEI,,
1255,SLEV,SLEV,,
1256,SLFI,SLFI,,
1257,SLFV,SLFV,,
1258,SLGI,SLGI,,
1259,SLGV,SLGV,,
1260,SLHI,SLHI,,
1261,SLHV,SLHV,,
1262,SLII,SLII,,
1263,SLIV,SLIV,,
1264,SLJO,SLJO,,
1265,SLKB,SLKB,,
1266,SLKP,SLKP,,
1267,SLLC,SLLC,,
1268,SLLP,SLLP,,
1269,SLMD,SLMD,,
1270,SLMQ,SLMQ,,
1271,SLNG,SLNG,,
1272,SLNZ,SLNZ,,
1273,SLPM,SLPM,,
1274,SLQA,SLQA,,
1275,SLQN,SLQN,,
1276,SLRH,SLRH,,
1277,SLRU,SLRU,,
1278,SLSN,SLSN,,
1279,SLTB,SLTB,,
1280,SLTO,SLTO,,
1281,SLUE,SLUE,,
1282,SLUR,SLUR,,
1283,SLVE,SLVE,,
1284,SLVS,SLVS,,
1285,SLWF,SLWF,,
1286,SLWS,SLWS,,
1287,SLXF,SLXF,,
1288,SLXS,SLXS,,
1289,SLYF,SLYF,,
1290,SLYS,SLYS,,
1291,SLZF,SLZF,,
1292,SLZS,SLZS,,
1293,SMAF,SMAF,,
1294,SMAS,SMAS,,
1295,SMBF,SMBF,,
1296,SMBS,SMBS,,
1297,SMCF,SMCF,,
1298,SMCS,SMCS,,
1299,SMDF,SMDF,,
1300,SMDS,SMDS,,
1301,SMEF,SMEF,,
1302,SMES,SMES,,
1303,SMFF,SMFF,,
1304,SMFS,SMFS,,
1305,SMGF,SMGF,,
1306,SMGS,SMGS,,
1307,SMHF,SMHF,,
1308,SMIQ,SMIQ,,
1309,SMIT,SMIT,,
1310,SMJD,SMJD,,
1311,SMJG,SMJG,,
1312,SMJR,SMJR,,
1313,SMJU,SMJU,,
1314,SMKE,SMKE,,
1315,SMKH,SMKH,,
1316,SMLW,SMLW,,
1317,SMLZ,SMLZ,,
1318,SMMJ,SMMJ,,
1319,SMMM,SMMM,,
1320,SMMZ,SMMZ,,
1321,SMNC,SMNC,,
1322,SMNM,SMNM,,
1323,SMNP,SMNP,,
1324,SMPY,SMPY,,
1325,SMQL,SMQL,,
1326,SMQY,SMQY,,
1327,SMRL,SMRL,,
1328,SMRV,SMRV,,
1329,SMRY,SMRY,,
1330,SMSI,SMSI,,
1331,SMSL,SMSL,,
1332,SMSV,SMSV,,
1333,SMSY,SMSY,,
1334,SMTI,SMTI,,
1335,SMTL,SMTL,,
1336,SMUJ,SMUJ,,
1337,SMUM,SMUM,,
1338,SMUW,SMUW,,
1339,SMUZ,SMUZ,,
1340,SMVJ,SMVJ,,
1341,SMVM,SMVM,,
1342,SMVW,SMVW,,
1343,SMVZ,SMVZ,,
1344,SMWM,SMWM,,
1345,SMWZ,SMWZ,,
1346,SMXM,SMXM,,
1347,SMXZ,SMXZ,,
1348,SMYM,SMYM,,
1349,SMYZ,SMYZ,,
1350,SMZM,SMZM,,
1351,SNAA,SNAA,,
1352,WMCX,WMCX,,
1353,WMDB,WMDB,,
1354,WMDC,WMDC,,
1355,WMDG,WMDG,,
1356,WYUF,WYUF,,
1357,WYUT,WYUT,,
1358,SEVW,SEVW,,
1359,SEVT,SEVT,,
1360,SEXH,SEXH,,
1361,SEXE,SEXE,,
1362,SEYO,SEYO,,
1363,SEYL,SEYL,,
1364,SEZZ,SEZZ,,
1365,SEZW,SEZW,,
1366,L87P,L87P,,
1367,L87R,L87R,,
1368,LGCM,LGCM,,
1369,LGCI,LGCI,,
1370,L87T,L87T,,
1371,LGDE,LGDE,,
1372,LGDA,LGDA,,
1373,L87J,L87J,,
1374,L87L,L87L,,
1375,LGEA,LGEA,,
1376,LGDW,LGDW,,
1377,L87N,L87N,,
1378,LGET,LGET,,
1379,LGEP,LGEP,,
1380,HGAA,HGAA,,
1381,BQKP,BQKP,,
1382,HGAD,HGAD,,
1383,BQKN,BQKN,,
1384,SDNF,SDNF,,
1385,SDOV,SDOV,,
1386,SDQG,SDQG,,
1387,SDRW,SDRW,,
1388,BPGA,BPGA,,
1389,JYVG,JYVG,,
1390,JYVT,JYVT,,
1391,JYWG,JYWG,,
1392,JYYW,JYYW,,
1393,OABG,OABG,,
1394,OKCK,OKCK,,
1395,OKDW,OKDW,,
1396,JYZJ,JYZJ,,
1397,JYZW,JYZW,,
1398,JZBJ,JZBJ,,
1399,JZDZ,JZDZ,,
1400,JZEM,JZEM,,
1401,JZEZ,JZEZ,,
1402,JZFM,JZFM,,
1403,JZIC,JZIC,,
1404,JZIU,JZIU,,
1405,JZJX,JZJX,,
1406,JZMO,JZMO,,
1407,JZNB,JZNB,,
1408,OABI,OABI,,
1409,OKCL,OKCL,,
1410,OKDX,OKDX,,
1411,SMFP,SMFP,,
1412,SMGC,SMGC,,
1413,SMGP,SMGP,,
1414,SMHC,SMHC,,
1415,JZNO,JZNO,,
1416,JZOB,JZOB,,
1417,JZOO,JZOO,,
1418,JZPB,JZPB,,
1419,OABO,OABO,,
1420,OKCM,OKCM,,
1421,OKDY,OKDY,,
1422,JZVO,JZVO,,
1423,JZWB,JZWB,,
1424,JZWO,JZWO,,
1425,JZXB,JZXB,,
1426,OACJ,OACJ,,
1427,OKCP,OKCP,,
1428,OKEB,OKEB,,
1429,JZPO,JZPO,,
1430,JZQB,JZQB,,
1431,JZQO,JZQO,,
1432,JZRB,JZRB,,
1433,JZRO,JZRO,,
1434,JZSB,JZSB,,
1435,JZSO,JZSO,,
1436,JZTB,JZTB,,
1437,OABP,OABP,,
1438,OKCN,OKCN,,
1439,OKDZ,OKDZ,,
1440,JZTO,JZTO,,
1441,JZUB,JZUB,,
1442,JZUO,JZUO,,
1443,JZVB,JZVB,,
1444,OACH,OACH,,
1445,OKCO,OKCO,,
1446,OKEA,OKEA,,
1447,JZXP,JZXP,,
1448,JZYC,JZYC,,
1449,JZYP,JZYP,,
1450,LGBT,LGBT,,
1451,OACN,OACN,,
1452,OKCQ,OKCQ,,
1453,OKEC,OKEC,,
1454,LGFJ,LGFJ,,
1455,LGFW,LGFW,,
1456,LGGJ,LGGJ,,
1457,LGGW,LGGW,,
1458,LGHJ,LGHJ,,
1459,LJDG,LJDG,,
1460,LJVD,LJVD,,
1461,LKBV,LKBV,,
1462,SDTL,SDTL,,
1463,SDUX,SDUX,,
1464,SDWH,SDWH,,
1465,SDXS,SDXS,,
1466,ELBK,ELBK,,
1467,BPGB,BPGB,,
1468,LKYE,LKYE,,
1469,LKYP,LKYP,,
1470,LNIT,LNIT,,
1471,LNNA,LNNA,,
1472,LNOY,LNOY,,
1473,LOAX,LOAX,,
1474,LOBK,LOBK,,
1475,LOBV,LOBV,,
1476,LOCI,LOCI,,
1477,MBBU,MBBU,,
1478,MBCH,MBCH,,
1479,MBCU,MBCU,,
1480,MBDJ,MBDJ,,
1481,MBDW,MBDW,,
1482,MBEJ,MBEJ,,
1483,MBHF,MBHF,,
1484,MCWB,MCWB,,
1485,SDBF,SDBF,,
1486,SDBS,SDBS,,
1487,SDCF,SDCF,,
1488,OACP,OACP,,
1489,OKCR,OKCR,,
1490,OKED,OKED,,
1491,ENIU,ENIU,,
1492,ENIV,ENIV,,
1493,SGUW,SGUW,,
1494,SGWK,SGWK,,
1495,SGXP,SGXP,,
1496,SGYD,SGYD,,
1497,SGZT,SGZT,,
1498,BPGS,BPGS,,
1499,BPGD,BPGD,,
1500,SIMS,SIMS,,
1501,SINH,SINH,,
1502,SINV,SINV,,
1503,SIOI,SIOI,,
1504,SIOV,SIOV,,
1505,SIPI,SIPI,,
1506,SIPV,SIPV,,
1507,SIQI,SIQI,,
1508,SISV,SISV,,
1509,SITI,SITI,,
1510,SITV,SITV,,
1511,SIUI,SIUI,,
1512,SIVD,SIVD,,
1513,SIVQ,SIVQ,,
1514,SIWD,SIWD,,
1515,SIWQ,SIWQ,,
1516,SIXD,SIXD,,
1517,SIXQ,SIXQ,,
1518,SIYD,SIYD,,
1519,SIYQ,SIYQ,,
1520,OACZ,OACZ,,
1521,OKCU,OKCU,,
1522,OKEG,OKEG,,
1523,SJCE,SJCE,,
1524,SJCS,SJCS,,
1525,SJDF,SJDF,,
1526,SJDV,SJDV,,
1527,OADB,OADB,,
1528,OKCV,OKCV,,
1529,OKEH,OKEH,,
1530,SJEI,SJEI,,
1531,SJEV,SJEV,,
1532,SJFK,SJFK,,
1533,SJFX,SJFX,,
1534,OAEM,OAEM,,
1535,OKCW,OKCW,,
1536,OKEI,OKEI,,
1537,SJGL,SJGL,,
1538,SJGY,SJGY,,
1539,SJHV,SJHV,,
1540,SJIL,SJIL,,
1541,SJIY,SJIY,,
1542,SJJL,SJJL,,
1543,SJJY,SJJY,,
1544,SJKM,SJKM,,
1545,SJKZ,SJKZ,,
1546,SJLM,SJLM,,
1547,SJLZ,SJLZ,,
1548,SJMM,SJMM,,
1549,SJPB,SJPB,,
1550,SJPO,SJPO,,
1551,SJQB,SJQB,,
1552,SJQO,SJQO,,
1553,QALQ,QALQ,,
1554,QALO,QALO,,
1555,QALP,QALP,,
1556,SJRB,SJRB,,
1557,SJRO,SJRO,,
1558,SJSB,SJSB,,
1559,SJSO,SJSO,,
1560,SJVB,SJVB,,
1561,SJVP,SJVP,,
1562,SJWC,SJWC,,
1563,SJXA,SJXA,,
1564,SJTB,SJTB,,
1565,SJTO,SJTO,,
1566,SJUB,SJUB,,
1567,SJUO,SJUO,,
1568,OAEX,OAEX,,
1569,OKCZ,OKCZ,,
1570,OKEL,OKEL,,
1571,SJXN,SJXN,,
1572,SJYG,SJYG,,
1573,SJYU,SJYU,,
1574,SJZH,SJZH,,
1575,QALT,QALT,,
1576,QALR,QALR,,
1577,QALS,QALS,,
1578,SKAB,SKAB,,
1579,SKAO,SKAO,,
1580,SKBD,SKBD,,
1581,SKBR,SKBR,,
1582,BQMY,BQMY,,
1583,BPGE,BPGE,,
1584,SMPV,SMPV,,
1585,SMQI,SMQI,,
1586,SMQV,SMQV,,
1587,SMRI,SMRI,,
1588,SHMQ,SHMQ,,
1589,SHND,SHND,,
1590,SHNQ,SHNQ,,
1591,SHOD,SHOD,,
1592,OAFR,OAFR,,
1593,OKDB,OKDB,,
1594,OKEN,OKEN,,
1595,SHOQ,SHOQ,,
1596,SHPD,SHPD,,
1597,SHPR,SHPR,,
1598,SHQE,SHQE,,
1599,OAFV,OAFV,,
1600,OKDK,OKDK,,
1601,OKEW,OKEW,,
1602,SHRN,SHRN,,
1603,SHSB,SHSB,,
1604,SHSO,SHSO,,
1605,SHTG,SHTG,,
1606,OAFX,OAFX,,
1607,OKDQ,OKDQ,,
1608,OKFC,OKFC,,
1609,SHWU,SHWU,,
1610,SHXI,SHXI,,
1611,SHXV,SHXV,,
1612,SHYP,SHYP,,
1613,OAGE,OAGE,,
1614,OKDC,OKDC,,
1615,OKEO,OKEO,,
1616,SHZC,SHZC,,
1617,SHZV,SHZV,,
1618,SIAJ,SIAJ,,
1619,SIAW,SIAW,,
1620,OAGG,OAGG,,
1621,OKDL,OKDL,,
1622,OKEX,OKEX,,
1623,SIBJ,SIBJ,,
1624,SIBW,SIBW,,
1625,SICJ,SICJ,,
1626,SICW,SICW,,
1627,OAGH,OAGH,,
1628,OKDR,OKDR,,
1629,OKFD,OKFD,,
1630,SKNQ,SKNQ,,
1631,SKOD,SKOD,,
1632,SKOQ,SKOQ,,
1633,SKPD,SKPD,,
1634,OAGJ,OAGJ,,
1635,OKDD,OKDD,,
1636,OKEP,OKEP,,
1637,SKPQ,SKPQ,,
1638,SKQD,SKQD,,
1639,SKQQ,SKQQ,,
1640,SKRD,SKRD,,
1641,OAHU,OAHU,,
1642,OKDM,OKDM,,
1643,OKEY,OKEY,,
1644,SKRQ,SKRQ,,
1645,SKSD,SKSD,,
1646,SKSQ,SKSQ,,
1647,SKTD,SKTD,,
1648,OAHW,OAHW,,
1649,OKDS,OKDS,,
1650,OKFE,OKFE,,
1651,SKZF,SKZF,,
1652,SKZS,SKZS,,
1653,SLAF,SLAF,,
1654,SLAS,SLAS,,
1655,SLDF,SLDF,,
1656,SLDS,SLDS,,
1657,SLEF,SLEF,,
1658,SLES,SLES,,
1659,OAIE,OAIE,,
1660,OKDN,OKDN,,
1661,OKEZ,OKEZ,,
1662,SLFF,SLFF,,
1663,SLFS,SLFS,,
1664,SLGF,SLGF,,
1665,SLGS,SLGS,,
1666,OAIF,OAIF,,
1667,OKDT,OKDT,,
1668,OKFF,OKFF,,
1669,SLHF,SLHF,,
1670,SLHS,SLHS,,
1671,SLIF,SLIF,,
1672,SLIS,SLIS,,
1673,SMWJ,SMWJ,,
1674,SMWW,SMWW,,
1675,SMXJ,SMXJ,,
1676,SMXW,SMXW,,
1677,SLJL,SLJL,,
1678,SLJY,SLJY,,
1679,SLKL,SLKL,,
1680,SLKZ,SLKZ,,
1681,SLLM,SLLM,,
1682,SLMA,SLMA,,
1683,SLMN,SLMN,,
1684,SLNC,SLNC,,
1685,SMYJ,SMYJ,,
1686,SMYW,SMYW,,
1687,SMZJ,SMZJ,,
1688,SMZW,SMZW,,
1689,SLZP,SLZP,,
1690,SMAC,SMAC,,
1691,SMAP,SMAP,,
1692,SMBC,SMBC,,
1693,OAJJ,OAJJ,,
1694,OKDG,OKDG,,
1695,OKES,OKES,,
1696,SMBP,SMBP,,
1697,SMCC,SMCC,,
1698,SMCP,SMCP,,
1699,SMDC,SMDC,,
1700,OAJK,OAJK,,
1701,OKDO,OKDO,,
1702,OKFA,OKFA,,
1703,SMDP,SMDP,,
1704,SMEC,SMEC,,
1705,SMEP,SMEP,,
1706,SMFC,SMFC,,
1707,OAJL,OAJL,,
1708,OKDU,OKDU,,
1709,OKFG,OKFG,,
1710,SLNW,SLNW,,
1711,SLPJ,SLPJ,,
1712,SLPX,SLPX,,
1713,SLQK,SLQK,,
1714,OAJN,OAJN,,
1715,OKDH,OKDH,,
1716,OKET,OKET,,
1717,SLRE,SLRE,,
1718,SLRR,SLRR,,
1719,SLSE,SLSE,,
1720,SLSY,SLSY,,
1721,OAJQ,OAJQ,,
1722,OKDI,OKDI,,
1723,OKEU,OKEU,,
1724,SLTL,SLTL,,
1725,SLUA,SLUA,,
1726,SLUO,SLUO,,
1727,SLVB,SLVB,,
1728,OAKD,OAKD,,
1729,OKDJ,OKDJ,,
1730,OKEV,OKEV,,
1731,SLVP,SLVP,,
1732,SLWC,SLWC,,
1733,SLWP,SLWP,,
1734,SLXC,SLXC,,
1735,OAKE,OAKE,,
1736,OKDP,OKDP,,
1737,OKFB,OKFB,,
1738,SLXP,SLXP,,
1739,SLYC,SLYC,,
1740,SLYP,SLYP,,
1741,SLZC,SLZC,,
1742,OAKG,OAKG,,
1743,OKDV,OKDV,,
1744,OKFH,OKFH,,
1745,SIZC,SIZC,,
1746,SIZG,SIZG,,
1747,SIZY,SIZY,,
1748,SJAN,SJAN,,
1749,SJAR,SJAR,,
1750,SJBK,SJBK,,
1751,SFBG,SFBG,,
1752,SFCR,SFCR,,
1753,SFDM,SFDM,,
1754,SFDZ,SFDZ,,
1755,SFFK,SFFK,,
1756,ENIZ,ENIZ,,
1757,ENDI,ENDI,,
1758,ENGC,ENGC,,
1759,SJMZ,SJMZ,,
1760,SJNM,SJNM,,
1761,SJNZ,SJNZ,,
1762,SJOM,SJOM,,
1763,SFMX,SFMX,,
1764,SFOR,SFOR,,
1765,SFPY,SFPY,,
1766,SFRJ,SFRJ,,
1767,SFSQ,SFSQ,,
1768,SFUB,SFUB,,
1769,SFVI,SFVI,,
1770,SFWT,SFWT,,
1771,SFYA,SFYA,,
1772,SFZL,SFZL,,
1773,SGAS,SGAS,,
1774,SGCG,SGCG,,
